State,District,Population,Area,Density,Confirmed,Active,Retail,Grocery,Parks,Stations,Workplaces,Residential
Andhra Pradesh,Anantapur,4083315,19130,213,136,40,-78,-25,-59,-47,-35,+23
Andhra Pradesh,Chittoor,4170468,15152,275,208,110,-78,-25,-59,-47,-35,+23
Andhra Pradesh,East Godavari,5151549,10807,477,59,16,-78,-25,-59,-47,-35,+23
Andhra Pradesh,Guntur,4889230,11391,429,426,90,-78,-25,-59,-47,-35,+23
Andhra Pradesh,Krishna,4529009,8727,519,396,100,-78,-25,-59,-47,-35,+23
Andhra Pradesh,Kurnool,4046601,17658,229,638,170,-78,-25,-59,-47,-35,+23
Andhra Pradesh,Prakasam,3392764,17626,192,67,4,-78,-25,-59,-47,-35,+23
Andhra Pradesh,S.P.S. Nellore,2966082,13076,227,182,75,-78,-25,-59,-47,-35,+23
Andhra Pradesh,Srikakulam,2699471,5837,462,16,11,-78,-25,-59,-47,-35,+23
Andhra Pradesh,Visakhapatnam,4288113,11161,384,81,33,-78,-25,-59,-47,-35,+23
Andhra Pradesh,Vizianagaram,2342868,6539,358,16,12,-78,-25,-59,-47,-35,+23
Andhra Pradesh,West Godavari,3934782,7742,508,75,21,-78,-25,-59,-47,-35,+23
Arunachal Pradesh,Anjaw,21089,6190,3,0,0,-62,-8,-11,-44,-4,+10
Arunachal Pradesh,Changlang,147951,4662,32,0,0,-62,-8,-11,-44,-4,+10
Arunachal Pradesh,East Kameng,78413,4134,19,0,0,-62,-8,-11,-44,-4,+10
Arunachal Pradesh,East Siang,99019,3603,27,0,0,-62,-8,-11,-44,-4,+10
Arunachal Pradesh,Kurung Kumey,89717,6040,15,0,0,-62,-8,-11,-44,-4,+10
Arunachal Pradesh,Lohit,145538,2402,61,1,0,-62,-8,-11,-44,-4,+10
Arunachal Pradesh,Longding,60000,1200,50,0,0,-62,-8,-11,-44,-4,+10
Arunachal Pradesh,Lower Dibang Valley,53986,3900,14,0,0,-62,-8,-11,-44,-4,+10
Arunachal Pradesh,Lower Subansiri,82839,3508,24,0,0,-62,-8,-11,-44,-4,+10
Arunachal Pradesh,Namsai,95950,1587,60,0,0,-62,-8,-11,-44,-4,+10
Arunachal Pradesh,Papum Pare,176385,2875,61,0,0,-62,-8,-11,-44,-4,+10
Arunachal Pradesh,Shi Yomi,13310,2875,5,0,0,-62,-8,-11,-44,-4,+10
Arunachal Pradesh,Siang,31920,2919,11,0,0,-62,-8,-11,-44,-4,+10
Arunachal Pradesh,Tawang,49950,2085,24,0,0,-62,-8,-11,-44,-4,+10
Arunachal Pradesh,Tirap,111997,2362,47,0,0,-62,-8,-11,-44,-4,+10
Arunachal Pradesh,Upper Dibang Valley,7948,9129,1,0,0,-62,-8,-11,-44,-4,+10
Arunachal Pradesh,Upper Siang,35289,6188,6,0,0,-62,-8,-11,-44,-4,+10
Arunachal Pradesh,Upper Subansiri,83205,7032,12,0,0,-62,-8,-11,-44,-4,+10
Arunachal Pradesh,West Kameng,87013,7422,12,0,0,-62,-8,-11,-44,-4,+10
Arunachal Pradesh,West Siang,112272,8325,13,0,0,-62,-8,-11,-44,-4,+10
Arunachal Pradesh,Baksa,953773,2008,475,0,0,-62,-8,-11,-44,-4,+10
Assam,Barpeta,1693190,3245,522,13,13,-74,-25,-24,-50,-21,+16
Assam,Bongaigaon,732639,1724,425,5,0,-74,-25,-24,-50,-21,+16
Assam,Cachar,1736319,3786,459,34,24,-74,-25,-24,-50,-21,+16
Assam,Chirang,481818,1975,244,6,6,-74,-25,-24,-50,-21,+16
Assam,Darrang,908090,1849,491,1,1,-74,-25,-24,-50,-21,+16
Assam,Dhemaji,688077,3237,213,4,4,-74,-25,-24,-50,-21,+16
Assam,Dhubri,1948632,2838,687,8,3,-74,-25,-24,-50,-21,+16
Assam,Dibrugarh,1327748,3381,393,1,1,-74,-25,-24,-50,-21,+16
Assam,Dima Hasao,213529,4888,44,7,7,-74,-25,-24,-50,-21,+16
Assam,Goalpara,1008959,1824,553,11,7,-74,-25,-24,-50,-21,+16
Assam,Golaghat,1058674,3502,302,96,87,-74,-25,-24,-50,-21,+16
Assam,Hailakandi,659260,1327,497,9,8,-74,-25,-24,-50,-21,+16
Assam,Jorhat,1091295,2851,383,11,7,-74,-25,-24,-50,-21,+16
Assam,Kamrup,1517202,3480,436,20,19,-74,-25,-24,-50,-21,+16
Assam,Kamrup Metropolitan,1260419,627,2010,179,166,-74,-25,-24,-50,-21,+16
Assam,Karbi Anglong,965280,10434,93,2,2,-74,-25,-24,-50,-21,+16
Assam,Karimganj,1217002,1809,673,26,24,-74,-25,-24,-50,-21,+16
Assam,Kokrajhar,886999,3129,283,13,13,-74,-25,-24,-50,-21,+16
Assam,Lakhimpur,1040644,2277,457,25,24,-74,-25,-24,-50,-21,+16
Assam,Morigaon,957853,1704,562,20,14,-74,-25,-24,-50,-21,+16
Assam,Nagaon,2826006,3831,738,18,18,-74,-25,-24,-50,-21,+16
Assam,Nalbari,769919,1009,763,17,13,-74,-25,-24,-50,-21,+16
Assam,Sivasagar,1150253,2668,431,12,12,-74,-25,-24,-50,-21,+16
Assam,Sonitpur,1925975,5324,362,14,14,-74,-25,-24,-50,-21,+16
Assam,Tinsukia,1316948,3790,347,6,6,-74,-25,-24,-50,-21,+16
Assam,Udalguri,832769,1676,497,2,2,-74,-25,-24,-50,-21,+16
Bihar,Araria,2806200,2829,992,14,12,-70,+3,-8,-44,-20,+11
Bihar,Arwal,700843,638,1098,33,23,-70,+3,-8,-44,-20,+11
Bihar,Aurangabad,2511243,3303,760,59,41,-70,+3,-8,-44,-20,+11
Bihar,Banka,2029339,3018,672,105,100,-70,+3,-8,-44,-20,+11
Bihar,Begusarai,2954367,1917,1540,156,124,-70,+3,-8,-44,-20,+11
Bihar,Bhagalpur,3032226,2569,1180,95,66,-70,+3,-8,-44,-20,+11
Bihar,Bhojpur,2720155,2473,1136,47,24,-70,+3,-8,-44,-20,+11
Bihar,Buxar,1707643,1624,1003,114,55,-70,+3,-8,-44,-20,+11
Bihar,Darbhanga,3921971,2278,1721,65,57,-70,+3,-8,-44,-20,+11
Bihar,East Champaran,5082868,3969,1281,73,61,-70,+3,-8,-44,-20,+11
Bihar,Gaya,4379383,4978,880,52,46,-70,+3,-8,-44,-20,+11
Bihar,Gopalganj,2558037,2033,1258,99,49,-70,+3,-8,-44,-20,+11
Bihar,Jamui,1756078,3099,567,29,29,-70,+3,-8,-44,-20,+11
Bihar,Jehanabad,1124176,1569,1206,108,101,-70,+3,-8,-44,-20,+11
Bihar,Kaimur,1626900,3363,488,49,17,-70,+3,-8,-44,-20,+11
Bihar,Katihar,3068149,3056,1004,134,125,-70,+3,-8,-44,-20,+11
Bihar,Khagaria,1657599,1486,1115,145,126,-70,+3,-8,-44,-20,+11
Bihar,Kishanganj,1690948,1884,898,31,19,-70,+3,-8,-44,-20,+11
Bihar,Lakhisarai,1000717,1229,815,32,27,-70,+3,-8,-44,-20,+11
Bihar,Madhepura,1994618,1787,1116,43,34,-70,+3,-8,-44,-20,+11
Bihar,Madhubani,4476044,3501,1279,146,125,-70,+3,-8,-44,-20,+11
Bihar,Munger,1359054,1419,958,148,41,-70,+3,-8,-44,-20,+11
Bihar,Muzaffarpur,4778610,3173,1506,38,21,-70,+3,-8,-44,-20,+11
Bihar,Nalanda,2872523,2354,1220,88,17,-70,+3,-8,-44,-20,+11
Bihar,Nawada,2216653,2492,889,70,51,-70,+3,-8,-44,-20,+11
Bihar,Patna,5772804,3202,1803,211,135,-70,+3,-8,-44,-20,+11
Bihar,Purnia,3273127,3228,1014,45,43,-70,+3,-8,-44,-20,+11
Bihar,Rohtas,2962593,3850,763,166,106,-70,+3,-8,-44,-20,+11
Bihar,Saharsa,1897102,1702,1125,54,52,-70,+3,-8,-44,-20,+11
Bihar,Samastipur,4254782,2905,1465,61,58,-70,+3,-8,-44,-20,+11
Bihar,Saran,3943098,2641,1493,43,34,-70,+3,-8,-44,-20,+11
Bihar,Sheikhpura,634927,689,922,52,45,-70,+3,-8,-44,-20,+11
Bihar,Sheohar,656916,443,1882,6,4,-70,+3,-8,-44,-20,+11
Bihar,Sitamarhi,3419622,2199,1491,39,32,-70,+3,-8,-44,-20,+11
Bihar,Siwan,3318176,2219,1495,62,20,-70,+3,-8,-44,-20,+11
Bihar,Supaul,2228397,2410,919,57,54,-70,+3,-8,-44,-20,+11
Bihar,Vaishali,3495021,2036,1717,59,51,-70,+3,-8,-44,-20,+11
Bihar,West Champaran,3935042,5229,753,42,31,-70,+3,-8,-44,-20,+11
Chhattisgarh,Balod,826165,3527,234,18,16,-79,-35,-58,-67,-39,+20
Chhattisgarh,Baloda Bazar,1305343,4748,275,19,19,-79,-35,-58,-67,-39,+20
Chhattisgarh,Balrampur,598855,3806,157,8,8,-79,-35,-58,-67,-39,+20
Chhattisgarh,Bastar,1302253,4030,87,0,0,-79,-35,-58,-67,-39,+20
Chhattisgarh,Bijapur,229832,6562,35,0,0,-79,-35,-58,-67,-39,+20
Chhattisgarh,Bilaspur,1961922,5818,337,40,39,-79,-35,-58,-67,-39,+20
Chhattisgarh,Dhamtari,799199,2029,394,2,2,-79,-35,-58,-67,-39,+20
Chhattisgarh,Durg,3343079,8542,391,10,0,-79,-35,-58,-67,-39,+20
Chhattisgarh,Gariaband,597653,5823,103,5,5,-79,-35,-58,-67,-39,+20
Chhattisgarh,Janjgir Champa,1620632,3848,421,15,12,-79,-35,-58,-67,-39,+20
Chhattisgarh,Jashpur,852043,5825,146,1,1,-79,-35,-58,-67,-39,+20
Chhattisgarh,Kabeerdham,584667,4237,195,13,7,-79,-35,-58,-67,-39,+20
Chhattisgarh,Kondagaon,578326,7769,74,0,0,-79,-35,-58,-67,-39,+20
Chhattisgarh,Korba,1206563,6615,183,41,13,-79,-35,-58,-67,-39,+20
Chhattisgarh,Koriya,659039,6578,100,8,8,-79,-35,-58,-67,-39,+20
Chhattisgarh,Mahasamund,1032275,4779,216,0,0,-79,-35,-58,-67,-39,+20
Chhattisgarh,Mungeli,701707,2750,255,43,43,-79,-35,-58,-67,-39,+20
Chhattisgarh,Narayanpur,140206,6640,20,0,0,-79,-35,-58,-67,-39,+20
Chhattisgarh,Raigarh,1493627,7068,211,10,10,-79,-35,-58,-67,-39,+20
Chhattisgarh,Raipur,4062160,13083,310,9,2,-79,-35,-58,-67,-39,+20
Chhattisgarh,Rajnandgaon,1537520,8062,191,35,34,-79,-35,-58,-67,-39,+20
Chhattisgarh,Sukma,249000,5636,49,0,0,-79,-35,-58,-67,-39,+20
Chhattisgarh,Surajpur,660280,6787,150,7,1,-79,-35,-58,-67,-39,+20
Chhattisgarh,Surguja,420661,3265,150,7,7,-79,-35,-58,-67,-39,+20
Goa,North Goa,817761,1736,471,6,0,-71,-32,-73,-39,-29,+14
Goa,South Goa,639962,1966,326,18,17,-71,-32,-73,-39,-29,+14
Gujrat,Ahmedabad,7208200,8707,890,10590,5681,-84,-45,-68,-55,-53,+30
Gujrat,Amreli,1513614,6760,205,6,6,-84,-45,-68,-55,-53,+30
Gujrat,Anand,2090276,2942,711,93,6,-84,-45,-68,-55,-53,+30
Gujrat,Aravalli,1051746,3217,327,99,19,-84,-45,-68,-55,-53,+30
Gujrat,Banaskantha,3116045,12703,290,99,17,-84,-45,-68,-55,-53,+30
Gujrat,Bharuch,1550822,6524,238,37,6,-84,-45,-68,-55,-53,+30
Gujrat,Bhavnagar,2877961,11155,288,117,18,-84,-45,-68,-55,-53,+30
Gujrat,Botad,656005,2564,256,57,2,-84,-45,-68,-55,-53,+30
Gujrat,Dahod,2126558,3642,582,36,18,-84,-45,-68,-55,-53,+30
Gujrat,Dang,226769,1764,129,2,0,-84,-45,-68,-55,-53,+30
Gujrat,Devbhumi Dwarka,752484,5684,132,12,1,-84,-45,-68,-55,-53,+30
Gujrat,Gandhinagar,1387478,649,660,225,91,-84,-45,-68,-55,-53,+30
Gujrat,Gir Somnath,1217477,3754,324,44,22,-84,-45,-68,-55,-53,+30
Gujrat,Jamnagar,2159130,14125,153,47,14,-84,-45,-68,-55,-53,+30
Gujrat,Junagadh,2742291,8839,310,26,18,-84,-45,-68,-55,-53,+30
Gujrat,Kheda,2298934,4215,541,63,25,-84,-45,-68,-55,-53,+30
Gujrat,Kutch,2090313,45652,46,64,51,-84,-45,-68,-55,-53,+30
Gujrat,Mahisagar,994624,2500,398,88,46,-84,-45,-68,-55,-53,+30
Gujrat,Mehsana,2027727,4386,462,102,42,-84,-45,-68,-55,-53,+30
Gujrat,Morbi,960329,4871,197,3,1,-84,-45,-68,-55,-53,+30
Gujrat,Narmada,590379,2749,214,18,5,-84,-45,-68,-55,-53,+30
Gujrat,Navsari,1330711,2211,602,16,8,-84,-45,-68,-55,-53,+30
Gujrat,Panchmahal,2388267,5219,458,77,4,-84,-45,-68,-55,-53,+30
Gujrat,Patan,1342746,5738,234,72,33,-84,-45,-68,-55,-53,+30
Gujrat,Porbandar,586062,2294,255,7,3,-84,-45,-68,-55,-53,+30
Gujrat,Rajkot,3157676,11203,282,93,25,-84,-45,-68,-55,-53,+30
Gujrat,Sabarkantha,2427346,7390,328,89,66,-84,-45,-68,-55,-53,+30
Gujrat,Surat,4996391,4327,653,1351,358,-84,-45,-68,-55,-53,+30
Gujrat,Surendranagar,1755873,10489,167,25,22,-84,-45,-68,-55,-53,+30
Gujrat,Tapi,806489,3435,249,6,4,-84,-45,-68,-55,-53,+30
Gujrat,Vadodara,3639775,7794,467,854,309,-84,-45,-68,-55,-53,+30
Gujrat,Valsad,1703068,3034,561,20,14,-84,-45,-68,-55,-53,+30
Haryana,Ambala,1136784,1569,722,42,0,-72,-22,-87,-57,-41,+21
Haryana,Bhiwani,1629109,5140,341,11,5,-72,-22,-87,-57,-41,+21
Haryana,Charkhi Dadri,502276,1370,367,7,6,-72,-22,-87,-57,-41,+21
Haryana,Faridabad,1798954,783,2298,213,87,-72,-22,-87,-57,-41,+21
Haryana,Fatehabad,941522,2538,371,9,3,-72,-22,-87,-57,-41,+21
Haryana,Hisar,1742815,3788,438,20,17,-72,-22,-87,-57,-41,+21
Haryana,Jhajjar,956907,1868,522,93,3,-72,-22,-87,-57,-41,+21
Haryana,Jind,1332042,2702,493,27,9,-72,-22,-87,-57,-41,+21
Haryana,Kaithal,1072861,2799,467,6,2,-72,-22,-87,-57,-41,+21
Haryana,Karnal,1506323,2471,598,33,16,-72,-22,-87,-57,-41,+21
Haryana,Kurukshetra,964231,1530,630,18,15,-72,-22,-87,-57,-41,+21
Haryana,Mahendragarh,921680,1900,485,21,15,-72,-22,-87,-57,-41,+21
Haryana,Nuh,1089406,1765,729,65,0,-72,-22,-87,-57,-41,+21
Haryana,Palwal,1040493,1367,761,41,4,-72,-22,-87,-57,-41,+21
Haryana,Panchkula,558890,816,622,25,1,-72,-22,-87,-57,-41,+21
Haryana,Panipat,1202811,1250,949,54,18,-72,-22,-87,-57,-41,+21
Haryana,Rewari,896129,1559,562,16,15,-72,-22,-87,-57,-41,+21
Haryana,Rohtak,1058683,1668,607,16,5,-72,-22,-87,-57,-41,+21
Haryana,Sirsa,1295114,4276,303,10,2,-72,-22,-87,-57,-41,+21
Haryana,Sonipat,1480080,2260,697,163,38,-72,-22,-87,-57,-41,+21
Haryana,Yamunanagar,1214162,1756,687,8,0,-72,-22,-87,-57,-41,+21
Himachal Pradesh,Bilaspur,382056,1167,327,40,39,-64,-13,-37,-21,-13,+10
Himachal Pradesh,Chamba,518844,6528,80,18,7,-64,-13,-37,-21,-13,+10
Himachal Pradesh,Hamirpur,454293,1118,406,71,64,-64,-13,-37,-21,-13,+10
Himachal Pradesh,Kangra,1507223,5739,263,59,42,-64,-13,-37,-21,-13,+10
Himachal Pradesh,Kinnaur,84298,6401,13,0,0,-64,-13,-37,-21,-13,+10
Himachal Pradesh,Kullu,437474,5503,79,1,1,-64,-13,-37,-21,-13,+10
Himachal Pradesh,Lahaul and Spiti,31528,13835,2,0,0,-64,-13,-37,-21,-13,+10
Himachal Pradesh,Mandi,999518,3950,253,11,9,-64,-13,-37,-21,-13,+10
Himachal Pradesh,Shimla,813384,5131,159,7,6,-64,-13,-37,-21,-13,+10
Himachal Pradesh,Sirmaur,530164,2825,188,4,2,-64,-13,-37,-21,-13,+10
Himachal Pradesh,Solan,576670,1936,298,20,14,-64,-13,-37,-21,-13,+10
Himachal Pradesh,Una,521057,1540,328,31,14,-64,-13,-37,-21,-13,+10
Jharkhand,Bokaro,2061918,2861,716,17,7,-76,-32,-44,-53,-30,+18
Jharkhand,Chatra,1042304,3700,275,2,2,-76,-32,-44,-53,-30,+18
Jharkhand,Deoghar,1491879,2479,602,5,0,-76,-32,-44,-53,-30,+18
Jharkhand,Dhanbad,2682662,2075,1284,7,5,-76,-32,-44,-53,-30,+18
Jharkhand,Dumka,1321096,4404,300,2,0,-76,-32,-44,-53,-30,+18
Jharkhand,East Singhbhum,2291032,3533,648,25,25,-76,-32,-44,-53,-30,+18
Jharkhand,Garhwa,1322387,4064,327,52,49,-76,-32,-44,-53,-30,+18
Jharkhand,Giridih,2445203,4887,497,16,13,-76,-32,-44,-53,-30,+18
Jharkhand,Godda,1311382,2110,622,1,0,-76,-32,-44,-53,-30,+18
Jharkhand,Gumla,1025656,5327,193,10,10,-76,-32,-44,-53,-30,+18
Jharkhand,Hazaribagh,1734005,4302,403,45,42,-76,-32,-44,-53,-30,+18
Jharkhand,Jamtara,790207,1802,439,2,0,-76,-32,-44,-53,-30,+18
Jharkhand,Khunti,530299,2467,215,0,0,-76,-32,-44,-53,-30,+18
Jharkhand,Koderma,717169,1312,427,29,27,-76,-32,-44,-53,-30,+18
Jharkhand,Latehar,725673,3630,200,4,4,-76,-32,-44,-53,-30,+18
Jharkhand,Lohardaga,461738,1494,310,2,2,-76,-32,-44,-53,-30,+18
Jharkhand,Pakur,899200,1805,498,0,0,-76,-32,-44,-53,-30,+18
Jharkhand,Palamu,1936319,5082,381,15,0,-76,-32,-44,-53,-30,+18
Jharkhand,Ramgarh,949159,1212,684,10,10,-76,-32,-44,-53,-30,+18
Jharkhand,Ranchi,2912022,7974,557,125,23,-76,-32,-44,-53,-30,+18
Jharkhand,Sahibganj,1150038,1599,719,0,0,-76,-32,-44,-53,-30,+18
Jharkhand,Simdega,599813,3750,160,7,5,-76,-32,-44,-53,-30,+18
Jharkhand,West Singhbhum,1501619,7186,209,6,6,-76,-32,-44,-53,-30,+18
Karnataka,Bagalkote,1890826,6583,288,78,24,-70,-16,-71,-41,-33,+18
Karnataka,Ballari,2532383,8439,300,37,23,-70,-16,-71,-41,-33,+18
Karnataka,Bengaluru Rural,987257,2239,441,11,4,-70,-16,-71,-41,-33,+18
Karnataka,Bengaluru Urban,9588910,2190,4378,278,119,-70,-16,-71,-41,-33,+18
Karnataka,Bidar,1700018,5448,312,96,73,-70,-16,-71,-41,-33,+18
Karnataka,Chamarajanagara,1020962,5102,200,0,0,-70,-16,-71,-41,-33,+18
Karnataka,Chikkaballapura,1254377,4208,298,127,106,-70,-16,-71,-41,-33,+18
Karnataka,Chikkamagaluru,1137753,7201,158,10,10,-70,-16,-71,-41,-33,+18
Karnataka,Chitradurga,1660378,8437,197,31,26,-70,-16,-71,-41,-33,+18
Karnataka,Dakshina Kannada,2083625,4559,457,67,45,-70,-16,-71,-41,-33,+18
Karnataka,Davanagere,1946905,5926,329,134,80,-70,-16,-71,-41,-33,+18
Karnataka,Dharwad,1846993,4265,434,43,33,-70,-16,-71,-41,-33,+18
Karnataka,Gadag,1065235,4651,229,35,30,-70,-16,-71,-41,-33,+18
Karnataka,Hassan,1776221,6814,261,113,113,-70,-16,-71,-41,-33,+18
Karnataka,Haveri,1598506,4825,331,6,4,-70,-16,-71,-41,-33,+18
Karnataka,Kodagu,554762,4102,135,3,2,-70,-16,-71,-41,-33,+18
Karnataka,Kolar,1540231,4012,384,18,18,-70,-16,-71,-41,-33,+18
Karnataka,Koppal,1391292,5565,250,4,4,-70,-16,-71,-41,-33,+18
Karnataka,Mandya,1808680,4961,365,254,227,-70,-16,-71,-41,-33,+18
Karnataka,Mysuru,2994744,6854,437,90,2,-70,-16,-71,-41,-33,+18
Karnataka,Raichur,1924773,6839,228,66,66,-70,-16,-71,-41,-33,+18
Karnataka,Ramanagara,1082739,3573,303,1,1,-70,-16,-71,-41,-33,+18
Karnataka,Shivamogga,1755512,8495,207,36,36,-70,-16,-71,-41,-33,+18
Karnataka,Tumakuru,2681449,10598,253,27,20,-70,-16,-71,-41,-33,+18
Karnataka,Udupi,1177908,3879,304,111,107,-70,-16,-71,-41,-33,+18
Karnataka,Uttara Kannada,1353299,10291,132,71,37,-70,-16,-71,-41,-33,+18
Karnataka,Vijayapura,2175102,10517,207,75,27,-70,-16,-71,-41,-33,+18
Karnataka,Yadgir,1172985,5225,224,139,139,-70,-16,-71,-41,-33,+18
Kerala,Alappuzha,2121943,1415,1501,28,22,-72,+8,-12,-32,-24,+19
Kerala,Ernakulam,3279860,3063,1069,39,11,-72,+8,-12,-32,-24,+19
Kerala,Idukki,1107453,4356,254,26,2,-72,+8,-12,-32,-24,+19
Kerala,Kannur,2525637,2961,852,194,77,-72,+8,-12,-32,-24,+19
Kerala,Kasaragod,1302600,1989,654,232,41,-72,+8,-12,-32,-24,+19
Kerala,Kollam,2629703,2483,1056,43,20,-72,+8,-12,-32,-24,+19
Kerala,Kottayam,1979384,2206,896,40,16,-72,+8,-12,-32,-24,+19
Kerala,Kozhikode,3089543,2345,1318,51,26,-72,+8,-12,-32,-24,+19
Kerala,Malappuram,4110956,3554,1058,82,52,-72,+8,-12,-32,-24,+19
Kerala,Palakkad,2810892,4482,627,96,81,-72,+8,-12,-32,-24,+19
Kerala,Pathanamthitta,1195537,2652,453,30,13,-72,+8,-12,-32,-24,+19
Kerala,Thrissur,3110327,3027,1026,38,22,-72,+8,-12,-32,-24,+19
Kerala,Thiruvananthapuram,3307284,2189,1509,42,25,-72,+8,-12,-32,-24,+19
Kerala,Wayanad,816558,2130,383,23,8,-72,+8,-12,-32,-24,+19
Madhya Pradesh,Alirajpur,728677,3182,229,3,0,-77,-29,-67,-51,-42,+22
Madhya Pradesh,Anuppur,749521,3747,200,3,0,-77,-29,-67,-51,-42,+22
Madhya Pradesh,Ashoknagar,844979,4674,181,12,9,-77,-29,-67,-51,-42,+22
Madhya Pradesh,Balaghat,1701156,9229,184,6,6,-77,-29,-67,-51,-42,+22
Madhya Pradesh,Barwani,1385659,5432,256,40,14,-77,-29,-67,-51,-42,+22
Madhya Pradesh,Betul,1575247,10043,157,19,18,-77,-29,-67,-51,-42,+22
Madhya Pradesh,Bhind,1703562,4459,382,49,42,-77,-29,-67,-51,-42,+22
Madhya Pradesh,Bhopal,2368145,2772,854,1271,420,-77,-29,-67,-51,-42,+22
Madhya Pradesh,Burhanpur,756993,3427,221,278,166,-77,-29,-67,-51,-42,+22
Madhya Pradesh,Chhatarpur,1762857,8687,203,6,6,-77,-29,-67,-51,-42,+22
Madhya Pradesh,Chhindwara,2090306,11815,177,5,0,-77,-29,-67,-51,-42,+22
Madhya Pradesh,Damoh,1263703,7306,173,8,8,-77,-29,-67,-51,-42,+22
Madhya Pradesh,Datia,786375,2694,292,7,4,-77,-29,-67,-51,-42,+22
Madhya Pradesh,Dewas,1563107,7020,223,83,33,-77,-29,-67,-51,-42,+22
Madhya Pradesh,Dhar,2184672,8153,268,111,5,-77,-29,-67,-51,-42,+22
Madhya Pradesh,Dindori,704218,7427,94,16,15,-77,-29,-67,-51,-42,+22
Madhya Pradesh,Guna,1240938,6485,194,2,1,-77,-29,-67,-51,-42,+22
Madhya Pradesh,Gwalior,2030543,5465,445,107,69,-77,-29,-67,-51,-42,+22
Madhya Pradesh,Harda,570302,3339,171,3,0,-77,-29,-67,-51,-42,+22
Madhya Pradesh,Hoshangabad,1240975,6698,185,37,0,-77,-29,-67,-51,-42,+22
Madhya Pradesh,Indore,3272335,3898,839,3064,1472,-77,-29,-67,-51,-42,+22
Madhya Pradesh,Jabalpur,2460714,5210,472,212,62,-77,-29,-67,-51,-42,+22
Madhya Pradesh,Jhabua,1024091,6782,285,12,8,-77,-29,-67,-51,-42,+22
Madhya Pradesh,Katni,1291684,4947,261,0,0,-77,-29,-67,-51,-42,+22
Madhya Pradesh,Khandwa,1309443,7349,178,230,47,-77,-29,-67,-51,-42,+22
Madhya Pradesh,Khargone,1872413,8010,233,118,19,-77,-29,-67,-51,-42,+22
Madhya Pradesh,Mandla,1053522,5805,182,1,0,-77,-29,-67,-51,-42,+22
Madhya Pradesh,Mandsaur,1339832,5530,242,88,28,-77,-29,-67,-51,-42,+22
Madhya Pradesh,Morena,1965137,4991,394,83,58,-77,-29,-67,-51,-42,+22
Madhya Pradesh,Narsinghpur,1092141,5133,213,2,2,-77,-29,-67,-51,-42,+22
Madhya Pradesh,Neemuch,825958,4267,194,90,41,-77,-29,-67,-51,-42,+22
Madhya Pradesh,Panna,1016028,7135,142,3,2,-77,-29,-67,-51,-42,+22
Madhya Pradesh,Raisen,1331699,8466,157,68,3,-77,-29,-67,-51,-42,+22
Madhya Pradesh,Rajgarh,1546541,6143,251,3,3,-77,-29,-67,-51,-42,+22
Madhya Pradesh,Ratlam,1454483,4861,299,31,4,-77,-29,-67,-51,-42,+22
Madhya Pradesh,Rewa,2363744,6314,374,28,26,-77,-29,-67,-51,-42,+22
Madhya Pradesh,Sagar,2378295,10252,272,77,62,-77,-29,-67,-51,-42,+22
Madhya Pradesh,Satna,2228619,7502,297,14,9,-77,-29,-67,-51,-42,+22
Madhya Pradesh,Sehore,1311008,6578,199,5,2,-77,-29,-67,-51,-42,+22
Madhya Pradesh,Seoni,1378876,8758,157,2,1,-77,-29,-67,-51,-42,+22
Madhya Pradesh,Shahdol,1064989,6205,172,7,4,-77,-29,-67,-51,-42,+22
Madhya Pradesh,Shajapur,1512353,6196,244,9,1,-77,-29,-67,-51,-42,+22
Madhya Pradesh,Sheopur,687952,6585,104,6,2,-77,-29,-67,-51,-42,+22
Madhya Pradesh,Shivpuri,1725818,10290,168,6,3,-77,-29,-67,-51,-42,+22
Madhya Pradesh,Sidhi,1126515,10520,232,8,8,-77,-29,-67,-51,-42,+22
Madhya Pradesh,Singrauli,1178132,5672,208,7,7,-77,-29,-67,-51,-42,+22
Madhya Pradesh,Tikamgarh,1444920,5055,286,6,3,-77,-29,-67,-51,-42,+22
Madhya Pradesh,Ujjain,1986864,6091,356,575,284,-77,-29,-67,-51,-42,+22
Madhya Pradesh,Umaria,643579,4062,158,5,4,-77,-29,-67,-51,-42,+22
Madhya Pradesh,Vidisha,1458212,7362,198,20,7,-77,-29,-67,-51,-42,+22
Maharashtra,Ahmednagar,4543083,17048,266,77,27,-83,-41,-73,-66,-59,+29
Maharashtra,Akola,1818617,5429,321,420,226,-83,-41,-73,-66,-59,+29
Maharashtra,Amravati,2887826,12235,237,182,86,-83,-41,-73,-66,-59,+29
Maharashtra,Aurangabad,3695928,10107,365,59,41,-83,-41,-73,-66,-59,+29
Maharashtra,Beed,2585962,10693,242,32,31,-83,-41,-73,-66,-59,+29
Maharashtra,Bhandara,1198810,3890,293,14,13,-83,-41,-73,-66,-59,+29
Maharashtra,Buldhana,2588039,9661,268,41,12,-83,-41,-73,-66,-59,+29
Maharashtra,Chandrapur,2194262,11443,192,24,20,-83,-41,-73,-66,-59,+29
Maharashtra,Dhule,2048781,8095,285,118,47,-83,-41,-73,-66,-59,+29
Maharashtra,Gadchiroli,1071795,14412,74,15,15,-83,-41,-73,-66,-59,+29
Maharashtra,Gondia,1322331,5431,253,43,42,-83,-41,-73,-66,-59,+29
Maharashtra,Hingoli,1178973,4526,244,132,40,-83,-41,-73,-66,-59,+29
Maharashtra,Jalgaon,4224442,11765,359,418,192,-83,-41,-73,-66,-59,+29
Maharashtra,Jalna,1958483,7718,255,63,48,-83,-41,-73,-66,-59,+29
Maharashtra,Kolhapur,3874015,7685,504,267,251,-83,-41,-73,-66,-59,+29
Maharashtra,Latur,2455543,7157,343,82,41,-83,-41,-73,-66,-59,+29
Maharashtra,Mumbai,3145966,69,20038,31972,23362,-83,-41,-73,-66,-59,+29
Maharashtra,Mumbai Suburban,9332481,369,20925,0,0,-83,-41,-73,-66,-59,+29
Maharashtra,Nanded,3356566,10528,319,98,50,-83,-41,-73,-66,-59,+29
Maharashtra,Nandurbar,1646177,5055,276,32,10,-83,-41,-73,-66,-59,+29
Maharashtra,Nagpur,4653171,9892,470,475,139,-83,-41,-73,-66,-59,+29
Maharashtra,Nashik,6109052,15539,393,973,205,-83,-41,-73,-66,-59,+29
Maharashtra,Osmanabad,1660311,7569,219,37,31,-83,-41,-73,-66,-59,+29
Maharashtra,Palghar,2990116,5344,560,717,444,-83,-41,-73,-66,-59,+29
Maharashtra,Parbhani,1835982,6511,295,24,22,-83,-41,-73,-66,-59,+29
Maharashtra,Pune,9426959,15643,603,5996,3154,-83,-41,-73,-66,-59,+29
Maharashtra,Raigad,2635394,7152,368,791,430,-83,-41,-73,-66,-59,+29
Maharashtra,Ratnagiri,1612672,8208,196,167,114,-83,-41,-73,-66,-59,+29
Maharashtra,Sangli,2820575,8572,329,83,37,-83,-41,-73,-66,-59,+29
Maharashtra,Satara,3003922,10475,287,314,182,-83,-41,-73,-66,-59,+29
Maharashtra,Sindhudurg,848868,5207,163,10,3,-83,-41,-73,-66,-59,+29
Maharashtra,Solapur,4315527,14895,290,623,351,-83,-41,-73,-66,-59,+29
Maharashtra,Thane,11060148,4214,1157,6958,4936,-83,-41,-73,-66,-59,+29
Maharashtra,Wardha,1296157,6309,205,6,5,-83,-41,-73,-66,-59,+29
Maharashtra,Washim,1196714,5155,244,8,7,-83,-41,-73,-66,-59,+29
Maharashtra,Yavatmal,2775457,13582,204,115,24,-83,-41,-73,-66,-59,+29
Manipur,Bishnupur,240363,496,415,0,0,-75,-17,-13,-22,-24,+11
Manipur,Chandel,144028,3317,37,0,0,-75,-17,-13,-22,-24,+11
Manipur,Churachandpur,271274,4574,50,17,17,-75,-17,-13,-22,-24,+11
Manipur,Imphal East,452661,710,555,3,2,-75,-17,-13,-22,-24,+11
Manipur,Imphal West,514683,519,847,10,9,-75,-17,-13,-22,-24,+11
Manipur,Jiribam,43818,232,190,0,0,-75,-17,-13,-22,-24,+11
Manipur,Kamjong,45616,2000,23,0,0,-75,-17,-13,-22,-24,+11
Manipur,Pherzawl,47250,2285,21,0,0,-75,-17,-13,-22,-24,+11
Manipur,Senapati,354772,3269,116,0,0,-75,-17,-13,-22,-24,+11
Manipur,Tamenglong,140143,4391,25,0,0,-75,-17,-13,-22,-24,+11
Manipur,Thoubal,420517,514,713,0,0,-75,-17,-13,-22,-24,+11
Manipur,Ukhrul,183115,4547,31,0,0,-75,-17,-13,-22,-24,+11
Meghalaya,East Garo Hills,317618,2603,121,0,0,-69,-42,-19,-24,-14,+16
Meghalaya,East Khasi Hills,824059,2752,292,13,0,-69,-42,-19,-24,-14,+16
Meghalaya,East Jaintia Hills,122436,2115,58,0,0,-69,-42,-19,-24,-14,+16
Meghalaya,North Garo Hills,118325,1113,106,1,1,-69,-42,-19,-24,-14,+16
Meghalaya,Ribhoi,258380,2378,109,0,0,-69,-42,-19,-24,-14,+16
Meghalaya,South Garo Hills,142574,1850,77,0,0,-69,-42,-19,-24,-14,+16
Meghalaya,South West Garo Hills,172495,822,210,0,0,-69,-42,-19,-24,-14,+16
Meghalaya,South West Khasi Hills,110152,1341,82,0,0,-69,-42,-19,-24,-14,+16
Meghalaya,West Jaintia Hills,270352,1693,160,0,0,-69,-42,-19,-24,-14,+16
Meghalaya,West Garo Hills,642923,3714,173,1,1,-69,-42,-19,-24,-14,+16
Meghalaya,West Khasi Hills,385601,5247,73,0,0,-69,-42,-19,-24,-14,+16
Mizoram,Aizawl,404054,3577,113,1,0,-74,-11,-14,+15,-13,+5
Mizoram,Champhai,125370,3168,39,0,0,-74,-11,-14,+15,-13,+5
Mizoram,Kolasib,83054,1386,60,0,0,-74,-11,-14,+15,-13,+5
Mizoram,Lawngtlai,117444,2519,46,0,0,-74,-11,-14,+15,-13,+5
Mizoram,Lunglei,154094,4572,34,0,0,-74,-11,-14,+15,-13,+5
Mizoram,Mamit,85757,2967,28,0,0,-74,-11,-14,+15,-13,+5
Mizoram,Saiha,56366,1414,40,0,0,-74,-11,-14,+15,-13,+5
Mizoram,Serchhip,64875,1424,46,0,0,-74,-11,-14,+15,-13,+5
Nagaland,Dimapur,379769,926,410,2,2,-68,-38,-61,-47,-8,+11
Nagaland,Kiphire,74033,1255,66,0,0,-68,-38,-61,-47,-8,+11
Nagaland,Kohima,270063,1041,213,2,2,-68,-38,-61,-47,-8,+11
Nagaland,Longleng,50593,885,89,0,0,-68,-38,-61,-47,-8,+11
Nagaland,Mokokchung,193171,1615,120,0,0,-68,-38,-61,-47,-8,+11
Nagaland,Mon,259604,1786,145,0,0,-68,-38,-61,-47,-8,+11
Nagaland,Peren,163294,2300,55,0,0,-68,-38,-61,-47,-8,+11
Nagaland,Phek,163294,2026,81,0,0,-68,-38,-61,-47,-8,+11
Nagaland,Tuensang,414801,4228,98,0,0,-68,-38,-61,-47,-8,+11
Nagaland,Wokha,166239,1628,120,0,0,-68,-38,-61,-47,-8,+11
Nagaland,Zunheboto,141014,1255,112,0,0,-68,-38,-61,-47,-8,+11
Odisha,Angul,1271703,6347,199,25,10,-72,-21,-32,-47,-23,+14
Odisha,Boudh,439917,4289,142,33,29,-72,-21,-32,-47,-23,+14
Odisha,Bhadrak,1506522,2788,601,106,60,-72,-21,-32,-47,-23,+14
Odisha,Balangir,1648574,6552,251,38,36,-72,-21,-32,-47,-23,+14
Odisha,Bargarh,1478833,5832,253,1,1,-72,-21,-32,-47,-23,+14
Odisha,Balasore,2317419,3706,609,137,35,-72,-21,-32,-47,-23,+14
Odisha,Cuttack,2618708,3915,666,75,64,-72,-21,-32,-47,-23,+14
Odisha,Dhenkanal,1192948,4597,268,7,6,-72,-21,-32,-47,-23,+14
Odisha,Ganjam,3520151,8033,429,358,83,-72,-21,-32,-47,-23,+14
Odisha,Gajapati,575880,3056,133,10,10,-72,-21,-32,-47,-23,+14
Odisha,Jharsuguda,579499,2202,274,6,4,-72,-21,-32,-47,-23,+14
Odisha,Jajpur,1826275,2885,630,242,121,-72,-21,-32,-47,-23,+14
Odisha,Jagatsinghpur,1136604,1759,681,41,36,-72,-21,-32,-47,-23,+14
Odisha,Khordha,2246341,2888,799,86,28,-72,-21,-32,-47,-23,+14
Odisha,Kendujhar,1802777,8336,217,20,16,-72,-21,-32,-47,-23,+14
Odisha,Kalahandi,1573054,8197,199,15,13,-72,-21,-32,-47,-23,+14
Odisha,Kandhamal,731952,6004,91,13,13,-72,-21,-32,-47,-23,+14
Odisha,Koraput,1376934,8534,156,7,6,-72,-21,-32,-47,-23,+14
Odisha,Kendrapara,1439891,2546,545,61,34,-72,-21,-32,-47,-23,+14
Odisha,Malkangiri,612727,6115,106,19,19,-72,-21,-32,-47,-23,+14
Odisha,Mayurbhanj,2513895,10418,241,15,4,-72,-21,-32,-47,-23,+14
Odisha,Nabarangapur,1218762,5135,230,1,1,-72,-21,-32,-47,-23,+14
Odisha,Nuapada,606490,3408,157,1,1,-72,-21,-32,-47,-23,+14
Odisha,Nayagarh,962215,3954,247,48,42,-72,-21,-32,-47,-23,+14
Odisha,Puri,1697983,3055,488,85,67,-72,-21,-32,-47,-23,+14
Odisha,Rayagada,961959,7585,136,0,0,-72,-21,-32,-47,-23,+14
Odisha,Sambalpur,1044410,6702,158,5,5,-72,-21,-32,-47,-23,+14
Odisha,Subarnapur,652107,2284,279,1,1,-72,-21,-32,-47,-23,+14
Odisha,Sundargarh,2080664,9942,214,37,10,-72,-21,-32,-47,-23,+14
Punjab,Amritsar,2490891,2673,932,329,26,-70,-15,-73,-53,-34,+16
Punjab,Barnala,596294,1423,419,22,1,-70,-15,-73,-53,-34,+16
Punjab,Bathinda,1388859,3355,414,42,1,-70,-15,-73,-53,-34,+16
Punjab,Faridkot,618008,1472,424,61,1,-70,-15,-73,-53,-34,+16
Punjab,Fatehgarh Sahib,599814,1180,508,57,0,-70,-15,-73,-53,-34,+16
Punjab,Fazilka,1180483,3113,379,44,0,-70,-15,-73,-53,-34,+16
Punjab,Gurdaspur,2299026,3542,649,132,7,-70,-15,-73,-53,-34,+16
Punjab,Hoshiarpur,1582793,3397,466,106,13,-70,-15,-73,-53,-34,+16
Punjab,Jalandhar,2181753,2625,831,220,21,-70,-15,-73,-53,-34,+16
Punjab,Kapurthala,817668,1646,501,36,3,-70,-15,-73,-53,-34,+16
Punjab,Ludhiana,3487882,3744,975,173,31,-70,-15,-73,-53,-34,+16
Punjab,Mansa,768808,2174,350,32,0,-70,-15,-73,-53,-34,+16
Punjab,Moga,992289,2235,444,59,0,-70,-15,-73,-53,-34,+16
Punjab,Sri Muktsar Sahib,902702,2596,348,66,1,-70,-15,-73,-53,-34,+16
Punjab,Pathankot,626154,929,674,39,10,-70,-15,-73,-53,-34,+16
Punjab,Patiala,2892282,3175,596,108,6,-70,-15,-73,-53,-34,+16
Punjab,Rupnagar,683349,1400,488,60,0,-70,-15,-73,-53,-34,+16
Punjab,S.A.S. Nagar,986147,1188,830,103,1,-70,-15,-73,-53,-34,+16
Punjab,Sangrur,1654408,3685,449,89,1,-70,-15,-73,-53,-34,+16
Punjab,Shahid Bhagat Singh Nagar,614362,1283,479,105,3,-70,-15,-73,-53,-34,+16
Punjab,Tarn Taran,1120070,2414,464,154,2,-70,-15,-73,-53,-34,+16
Rajasthan,Ajmer,2584913,8481,305,309,67,-74,-14,-73,-50,-37,+18
Rajasthan,Alwar,3671999,8380,438,51,21,-74,-14,-73,-50,-37,+18
Rajasthan,Bikaner,2367745,27244,78,83,40,-74,-14,-73,-50,-37,+18
Rajasthan,Barmer,2604453,28387,92,91,90,-74,-14,-73,-50,-37,+18
Rajasthan,Banswara,1798194,5037,399,85,12,-74,-14,-73,-50,-37,+18
Rajasthan,Bharatpur,2549121,5066,503,143,16,-74,-14,-73,-50,-37,+18
Rajasthan,Baran,1223921,6955,175,5,1,-74,-14,-73,-50,-37,+18
Rajasthan,Bundi,1113725,5550,193,0,0,-74,-14,-73,-50,-37,+18
Rajasthan,Bhilwara,2410459,10455,230,122,64,-74,-14,-73,-50,-37,+18
Rajasthan,Churu,2041172,16830,148,85,34,-74,-14,-73,-50,-37,+18
Rajasthan,Chittorgarh,1544392,10856,193,174,48,-74,-14,-73,-50,-37,+18
Rajasthan,Dausa,1637226,3429,476,44,14,-74,-14,-73,-50,-37,+18
Rajasthan,Dholpur,1207293,3084,398,43,19,-74,-14,-73,-50,-37,+18
Rajasthan,Dungarpur,1388906,3771,368,319,311,-74,-14,-73,-50,-37,+18
Rajasthan,Ganganagar,1969520,10990,179,2,2,-74,-14,-73,-50,-37,+18
Rajasthan,Hanumangarh,1779650,9670,184,14,0,-74,-14,-73,-50,-37,+18
Rajasthan,Jhunjhunu,2139658,5928,361,96,44,-74,-14,-73,-50,-37,+18
Rajasthan,Jalore,1830151,10640,172,154,132,-74,-14,-73,-50,-37,+18
Rajasthan,Jodhpur,3685681,22850,161,1275,285,-74,-14,-73,-50,-37,+18
Rajasthan,Jaipur,6663971,11152,598,1849,549,-74,-14,-73,-50,-37,+18
Rajasthan,Jaisalmer,672008,38401,17,68,24,-74,-14,-73,-50,-37,+18
Rajasthan,Jhalawar,1411327,6219,227,71,23,-74,-14,-73,-50,-37,+18
Rajasthan,Karauli,1458459,5530,264,10,4,-74,-14,-73,-50,-37,+18
Rajasthan,Kota,1950491,5446,374,396,78,-74,-14,-73,-50,-37,+18
Rajasthan,Nagaur,3309234,17718,187,398,243,-74,-14,-73,-50,-37,+18
Rajasthan,Pali,2038533,12387,165,347,261,-74,-14,-73,-50,-37,+18
Rajasthan,Pratapgarh,868231,4112,211,13,9,-74,-14,-73,-50,-37,+18
Rajasthan,Rajsamand,1158283,3853,302,126,94,-74,-14,-73,-50,-37,+18
Rajasthan,Sikar,2677737,7732,346,145,113,-74,-14,-73,-50,-37,+18
Rajasthan,Sawai Madhopur,1338114,4500,257,19,5,-74,-14,-73,-50,-37,+18
Rajasthan,Sirohi,1037185,5136,202,139,133,-74,-14,-73,-50,-37,+18
Rajasthan,Tonk,1421711,7194,198,159,0,-74,-14,-73,-50,-37,+18
Rajasthan,Udaipur,3067549,13430,242,516,395,-74,-14,-73,-50,-37,+18
Sikkim,East Sikkim,281293,954,295,0,0,-61,-26,-41,-52,-11,+10
Sikkim,North Sikkim,43354,4226,10,1,1,-61,-26,-41,-52,-11,+10
Sikkim,South Sikkim,146742,750,196,0,0,-61,-26,-41,-52,-11,+10
Sikkim,West Sikkim,136299,1166,117,0,0,-61,-26,-41,-52,-11,+10
Tamil Nadu,Ariyalur,752481,3208,387,357,9,-73,-15,-44,-40,-35,+21
Tamil Nadu,Chengalpattu,2556244,2945,868,853,588,-73,-15,-44,-40,-35,+21
Tamil Nadu,Chennai,7100000,426,17000,11641,6055,-73,-15,-44,-40,-35,+21
Tamil Nadu,Coimbatore,3472578,7469,748,145,0,-73,-15,-44,-40,-35,+21
Tamil Nadu,Cuddalore,2600880,3999,702,435,20,-73,-15,-44,-40,-35,+21
Tamil Nadu,Dharmapuri,1502900,4532,332,8,3,-73,-15,-44,-40,-35,+21
Tamil Nadu,Dindigul,2161367,6058,357,134,21,-73,-15,-44,-40,-35,+21
Tamil Nadu,Erode,2259608,5714,397,71,1,-73,-15,-44,-40,-35,+21
Tamil Nadu,Kallakurichi,1370281,3520,389,154,61,-73,-15,-44,-40,-35,+21
Tamil Nadu,Kancheepuram,1166401,1656,704,312,128,-73,-15,-44,-40,-35,+21
Tamil Nadu,Kanyakumari,1863178,1685,1106,58,30,-73,-15,-44,-40,-35,+21
Tamil Nadu,Karur,1076588,2901,371,80,13,-73,-15,-44,-40,-35,+21
Tamil Nadu,Krishnagiri,1883731,5086,370,25,6,-73,-15,-44,-40,-35,+21
Tamil Nadu,Madurai,3991038,3676,823,234,110,-73,-15,-44,-40,-35,+21
Tamil Nadu,Nagapattinam,1614069,2716,668,51,0,-73,-15,-44,-40,-35,+21
Tamil Nadu,Nilgiris,735071,2549,288,14,1,-73,-15,-44,-40,-35,+21
Tamil Nadu,Namakkal,1721179,3429,506,77,0,-73,-15,-44,-40,-35,+21
Tamil Nadu,Perambalur,564511,1752,323,139,4,-73,-15,-44,-40,-35,+21
Tamil Nadu,Pudukkottai,1918725,4651,348,21,14,-73,-15,-44,-40,-35,+21
Tamil Nadu,Ramanathapuram,1337560,4123,320,64,33,-73,-15,-44,-40,-35,+21
Tamil Nadu,Ranipet,1210277,2234,524,97,21,-73,-15,-44,-40,-35,+21
Tamil Nadu,Salem,3480008,5245,663,68,33,-73,-15,-44,-40,-35,+21
Tamil Nadu,Sivaganga,1341250,4086,324,28,2,-73,-15,-44,-40,-35,+21
Tamil Nadu,Tenkasi,1407627,2916,483,85,32,-73,-15,-44,-40,-35,+21
Tamil Nadu,Tiruppur,2471222,5106,476,114,0,-73,-15,-44,-40,-35,+21
Tamil Nadu,Tiruchirappalli,2713858,4407,602,76,9,-73,-15,-44,-40,-35,+21
Tamil Nadu,Theni,1243684,3066,433,108,43,-73,-15,-44,-40,-35,+21
Tamil Nadu,Tirunelveli,1665253,3842,433,298,176,-73,-15,-44,-40,-35,+21
Tamil Nadu,Thanjavur,2402781,3397,691,84,17,-73,-15,-44,-40,-35,+21
Tamil Nadu,Thoothukkudi,1738376,4594,378,186,127,-73,-15,-44,-40,-35,+21
Tamil Nadu,Tirupathur,1111812,1792,620,31,5,-73,-15,-44,-40,-35,+21
Tamil Nadu,Thiruvallur,3725697,3424,1049,793,318,-73,-15,-44,-40,-35,+21
Tamil Nadu,Thiruvarur,1268094,2377,533,38,6,-73,-15,-44,-40,-35,+21
Tamil Nadu,Tiruvannamalai,2468965,6191,399,242,151,-73,-15,-44,-40,-35,+21
Tamil Nadu,Vellore,1614242,2080,776,42,10,-73,-15,-44,-40,-35,+21
Tamil Nadu,Viluppuram,2093003,3725,562,327,22,-73,-15,-44,-40,-35,+21
Tamil Nadu,Virudhunagar,1943309,3446,454,128,82,-73,-15,-44,-40,-35,+21
Telangana,Adilabad,708952,4185.97,171,21,6,-83,-32,-69,-55,-47,+24
Telangana,Komaram Bheem,515835,4300.16,106,7,5,-83,-32,-69,-55,-47,+24
Telangana,Bhadradri Kothagudem,1304811,8951.00,143,4,0,-83,-32,-69,-55,-47,+24
Telangana,Hyderabad,3441992,4325.29,18172,1178,850,-83,-32,-69,-55,-47,+24
Telangana,Jagtial,983414,3043.23,407,4,2,-83,-32,-69,-55,-47,+24
Telangana,Jangaon,582457,2187.50,259,3,2,-83,-32,-69,-55,-47,+24
Telangana,Jayashankar Bhupalapally,712257,6361.70,115,3,3,-83,-32,-69,-55,-47,+24
Telangana,Jogulamba Gadwal,664971,2928.00,208,45,19,-83,-32,-69,-55,-47,+24
Telangana,Kamareddy,972625,3651.00,266,12,4,-83,-32,-69,-55,-47,+24
Telangana,Karimnagar,1016063,2379.07,473,19,3,-83,-32,-69,-55,-47,+24
Telangana,Khammam,1401639,4453.00,321,8,5,-83,-32,-69,-55,-47,+24
Telangana,Mahabubabad,770170,2876.70,269,1,0,-83,-32,-69,-55,-47,+24
Telangana,Mahabubnagar,1318110,4037.00,281,11,3,-83,-32,-69,-55,-47,+24
Telangana,Mancherial,807037,4056.36,201,1,0,-83,-32,-69,-55,-47,+24
Telangana,Medak,767428,2740.89,275,5,1,-83,-32,-69,-55,-47,+24
Telangana,Medchal Malkajgiri,2542203,5005.98,2251,25,15,-83,-32,-69,-55,-47,+24
Telangana,Nalgonda,1631399,2449.79,227,17,5,-83,-32,-69,-55,-47,+24
Telangana,Narayanpet,566874,2336.44,243,1,0,-83,-32,-69,-55,-47,+24
Telangana,Nagarkurnool,893308,6545.00,124,2,0,-83,-32,-69,-55,-47,+24
Telangana,Nirmal,709415,3562.51,185,20,7,-83,-32,-69,-55,-47,+24
Telangana,Nizamabad,1534428,4153.00,366,61,31,-83,-32,-69,-55,-47,+24
Telangana,Peddapalli,795332,4614.74,356,2,1,-83,-32,-69,-55,-47,+24
Telangana,Rajanna Sircilla,546121,2030.89,273,3,1,-83,-32,-69,-55,-47,+24
Telangana,Ranga Reddy,2551731,1038.00,486,49,30,-83,-32,-69,-55,-47,+24
Telangana,Sangareddy,1527628,4464.87,347,9,3,-83,-32,-69,-55,-47,+24
Telangana,Siddipet,993376,3425.19,279,1,0,-83,-32,-69,-55,-47,+24
Telangana,Suryapet,1099560,3374.47,305,83,59,-83,-32,-69,-55,-47,+24
Telangana,Vikarabad,881250,3385.00,274,37,21,-83,-32,-69,-55,-47,+24
Telangana,Wanaparthy,751553,2938.00,268,0,0,-83,-32,-69,-55,-47,+24
Telangana,Warangal Urban,1135707,1304.50,826,27,4,-83,-32,-69,-55,-47,+24
Telangana,Warangal Rural,716457,2175.50,330,0,0,-83,-32,-69,-55,-47,+24
Telangana,Yadadri Bhuvanagiri,726465,3091.48,239,0,0,-83,-32,-69,-55,-47,+24
Tripura,Dhalai,377988,2400,157,164,4,-70,-13,-9,-40,-11,+12
Tripura,Gomati,436868,1522.8,287,6,5,-70,-13,-9,-40,-11,+12
Tripura,Khowai,327391,1005.67,326,2,1,-70,-13,-9,-40,-11,+12
Tripura,North Tripura,415946,1444.5,288,5,2,-70,-13,-9,-40,-11,+12
Tripura,South Tripura,433737,1534.2,283,2,2,-70,-13,-9,-40,-11,+12
Tripura,Unokoti,277335,591.93,469,1,1,-70,-13,-9,-40,-11,+12
Tripura,West Tripura,917534,942.55,973,6,6,-70,-13,-9,-40,-11,+12
Uttar Pradesh,Agra,4380793,4027,1084,859,101,-74,-15,-50,-56,-37,+18
Uttar Pradesh,Aligarh,3673849,3747,1007,127,56,-74,-15,-50,-56,-37,+18
Uttar Pradesh,Prayagraj,5959798,5481,1087,71,37,-74,-15,-50,-56,-37,+18
Uttar Pradesh,Ambedkar Nagar,2398709,2372,1021,39,37,-74,-15,-50,-56,-37,+18
Uttar Pradesh,Amethi,2549935,3063,830,46,41,-74,-15,-50,-56,-37,+18
Uttar Pradesh,Amroha,1838771,2321,818,59,27,-74,-15,-50,-56,-37,+18
Uttar Pradesh,Auraiya,1372287,2051,681,22,8,-74,-15,-50,-56,-37,+18
Uttar Pradesh,Azamgarh,4616509,4053,1139,40,29,-74,-15,-50,-56,-37,+18
Uttar Pradesh,Baghpat,1302156,1345,986,29,5,-74,-15,-50,-56,-37,+18
Uttar Pradesh,Bahraich,2384239,4926,415,73,38,-74,-15,-50,-56,-37,+18
Uttar Pradesh,Ballia,3223642,2981,1081,31,31,-74,-15,-50,-56,-37,+18
Uttar Pradesh,Balrampur,2149066,3349,642,8,8,-74,-15,-50,-56,-37,+18
Uttar Pradesh,Banda,1799541,4413,404,23,2,-74,-15,-50,-56,-37,+18
Uttar Pradesh,Barabanki,3257983,3825,739,140,135,-74,-15,-50,-56,-37,+18
Uttar Pradesh,Bareilly,4465344,4120,1084,51,39,-74,-15,-50,-56,-37,+18
Uttar Pradesh,Basti,2461056,2687,916,140,109,-74,-15,-50,-56,-37,+18
Uttar Pradesh,Bhadohi,1554203,960,1531,27,24,-74,-15,-50,-56,-37,+18
Uttar Pradesh,Bijnor,3683896,4561,808,79,32,-74,-15,-50,-56,-37,+18
Uttar Pradesh,Budaun,3712738,5168,718,36,19,-74,-15,-50,-56,-37,+18
Uttar Pradesh,Bulandshahr,3498507,3719,788,107,30,-74,-15,-50,-56,-37,+18
Uttar Pradesh,Chandauli,1952713,2554,768,20,20,-74,-15,-50,-56,-37,+18
Uttar Pradesh,Chitrakoot,990626,3202,315,29,13,-74,-15,-50,-56,-37,+18
Uttar Pradesh,Deoria,3098637,2535,1220,53,45,-74,-15,-50,-56,-37,+18
Uttar Pradesh,Etah,1761152,2456,717,16,4,-74,-15,-50,-56,-37,+18
Uttar Pradesh,Etawah,1579160,2287,683,43,40,-74,-15,-50,-56,-37,+18
Uttar Pradesh,Ayodhya,2468371,2765,1054,57,53,-74,-15,-50,-56,-37,+18
Uttar Pradesh,Farrukhabad,1887577,2279,865,25,18,-74,-15,-50,-56,-37,+18
Uttar Pradesh,Fatehpur,2632684,4152,634,39,31,-74,-15,-50,-56,-37,+18
Uttar Pradesh,Firozabad,2496761,2361,1044,219,22,-74,-15,-50,-56,-37,+18
Uttar Pradesh,Gautam Buddha Nagar,1674714,1269,1252,359,120,-74,-15,-50,-56,-37,+18
Uttar Pradesh,Ghaziabad,4661452,1175,3967,238,47,-74,-15,-50,-56,-37,+18
Uttar Pradesh,Ghazipur,3622727,3377,1072,85,66,-74,-15,-50,-56,-37,+18
Uttar Pradesh,Gonda,3431386,4425,857,50,26,-74,-15,-50,-56,-37,+18
Uttar Pradesh,Gorakhpur,4436275,3325,1336,53,43,-74,-15,-50,-56,-37,+18
Uttar Pradesh,Hamirpur,1104021,4325,268,71,64,-74,-15,-50,-56,-37,+18
Uttar Pradesh,Hapur,1338211,660,2028,99,40,-74,-15,-50,-56,-37,+18
Uttar Pradesh,Hardoi,4091380,5986,683,38,36,-74,-15,-50,-56,-37,+18
Uttar Pradesh,Hathras,1565678,1752,851,22,2,-74,-15,-50,-56,-37,+18
Uttar Pradesh,Jalaun,1670718,4565,366,43,6,-74,-15,-50,-56,-37,+18
Uttar Pradesh,Jaunpur,4476072,4038,1108,137,114,-74,-15,-50,-56,-37,+18
Uttar Pradesh,Jhansi,2000755,5024,398,32,2,-74,-15,-50,-56,-37,+18
Uttar Pradesh,Kannauj,1658005,1993,792,36,18,-74,-15,-50,-56,-37,+18
Uttar Pradesh,Kanpur Dehat,1795092,3021,594,10,7,-74,-15,-50,-56,-37,+18
Uttar Pradesh,Kanpur Nagar,4572951,3156,1415,335,23,-74,-15,-50,-56,-37,+18
Uttar Pradesh,Kasganj,1438156,1955,736,15,12,-74,-15,-50,-56,-37,+18
Uttar Pradesh,Kaushambi,1596909,1837,897,47,38,-74,-15,-50,-56,-37,+18
Uttar Pradesh,Kushinagar,3560830,2909,1226,9,6,-74,-15,-50,-56,-37,+18
Uttar Pradesh,Lakhimpur Kheri,4013634,7674,523,60,45,-74,-15,-50,-56,-37,+18
Uttar Pradesh,Lalitpur,1218002,5039,242,1,0,-74,-15,-50,-56,-37,+18
Uttar Pradesh,Lucknow,4588455,2528,1815,327,61,-74,-15,-50,-56,-37,+18
Uttar Pradesh,Maharajganj,2665292,2953,903,39,27,-74,-15,-50,-56,-37,+18
Uttar Pradesh,Mahoba,876055,2847,288,9,6,-74,-15,-50,-56,-37,+18
Uttar Pradesh,Mainpuri,1847194,2760,670,26,15,-74,-15,-50,-56,-37,+18
Uttar Pradesh,Mathura,2541894,3333,761,65,18,-74,-15,-50,-56,-37,+18
Uttar Pradesh,Mau,2205170,1713,1287,15,14,-74,-15,-50,-56,-37,+18
Uttar Pradesh,Meerut,3447405,2522,1342,379,103,-74,-15,-50,-56,-37,+18
Uttar Pradesh,Mirzapur,2494533,4522,561,31,24,-74,-15,-50,-56,-37,+18
Uttar Pradesh,Moradabad,4773138,3718,1284,188,33,-74,-15,-50,-56,-37,+18
Uttar Pradesh,Muzaffarnagar,4138605,4008,1033,46,21,-74,-15,-50,-56,-37,+18
Uttar Pradesh,Pilibhit,2037225,3499,567,41,37,-74,-15,-50,-56,-37,+18
Uttar Pradesh,Pratapgarh,3173752,3717,854,13,9,-74,-15,-50,-56,-37,+18
Uttar Pradesh,Rae Bareli,3404004,4609,739,64,15,-74,-15,-50,-56,-37,+18
Uttar Pradesh,Rampur,2335398,2367,987,167,140,-74,-15,-50,-56,-37,+18
Uttar Pradesh,Saharanpur,3464228,3689,939,231,31,-74,-15,-50,-56,-37,+18
Uttar Pradesh,Sambhal,2217020,2453,890,67,31,-74,-15,-50,-56,-37,+18
Uttar Pradesh,Sant Kabir Nagar,1714300,1442,1014,64,31,-74,-15,-50,-56,-37,+18
Uttar Pradesh,Shahjahanpur,3002376,4575,673,19,18,-74,-15,-50,-56,-37,+18
Uttar Pradesh,Shamli,1274815,1063,1200,42,13,-74,-15,-50,-56,-37,+18
Uttar Pradesh,Shrawasti,1114615,1948,572,29,16,-74,-15,-50,-56,-37,+18
Uttar Pradesh,Siddharthnagar,2553526,2751,882,85,59,-74,-15,-50,-56,-37,+18
Uttar Pradesh,Sitapur,4474446,5743,779,39,20,-74,-15,-50,-56,-37,+18
Uttar Pradesh,Sonbhadra,1862612,6788,274,5,5,-74,-15,-50,-56,-37,+18
Uttar Pradesh,Sultanpur,3790922,4436,855,62,57,-74,-15,-50,-56,-37,+18
Uttar Pradesh,Unnao,3110595,4561,682,27,22,-74,-15,-50,-56,-37,+18
Uttar Pradesh,Varanasi,3682194,1535,2399,159,77,-74,-15,-50,-56,-37,+18
Uttarakhand,Almora,621927,3090,198,15,12,-66,-14,-53,-45,-27,+17
Uttarakhand,Bageshwar,259840,2310,116,8,8,-66,-14,-53,-45,-27,+17
Uttarakhand,Chamoli,391114,7692,49,11,11,-66,-14,-53,-45,-27,+17
Uttarakhand,Champawat,259315,1781,147,8,8,-66,-14,-53,-45,-27,+17
Uttarakhand,Dehradun,1698560,3088,550,79,40,-66,-14,-53,-45,-27,+17
Uttarakhand,Haridwar,1927029,2360,817,28,21,-66,-14,-53,-45,-27,+17
Uttarakhand,Nainital,955128,3853,225,136,126,-66,-14,-53,-45,-27,+17
Uttarakhand,Pauri Garhwal,686527,5438,129,10,9,-66,-14,-53,-45,-27,+17
Uttarakhand,Pithoragarh,485993,7110,69,17,17,-66,-14,-53,-45,-27,+17
Uttarakhand,Rudraprayag,236857,1896,119,3,3,-66,-14,-53,-45,-27,+17
Uttarakhand,Tehri Garhwal,616409,4085,169,25,25,-66,-14,-53,-45,-27,+17
Uttarakhand,Udham Singh Nagar,1648367,2912,648,50,43,-66,-14,-53,-45,-27,+17
Uttarakhand,Uttarkashi,329686,7951,41,10,9,-66,-14,-53,-45,-27,+17
West Bengal,Alipurduar,1700000,3383,400,0,0,-82,-29,-51,-62,-42,+21
West Bengal,Bankura,3596292,6882,523,3,3,-82,-29,-51,-62,-42,+21
West Bengal,Paschim Bardhaman,2882031,1603,1100,29,17,-82,-29,-51,-62,-42,+21
West Bengal,Purba Bardhaman,4835532,5433,890,30,24,-82,-29,-51,-62,-42,+21
West Bengal,Birbhum,3502387,4545,771,22,16,-82,-29,-51,-62,-42,+21
West Bengal,Cooch Behar,2822780,3387,833,0,0,-82,-29,-51,-62,-42,+21
West Bengal,Dakshin Dinajpur,1670931,2183,753,5,5,-82,-29,-51,-62,-42,+21
West Bengal,Darjeeling,1842034,3149,585,12,6,-82,-29,-51,-62,-42,+21
West Bengal,Hooghly,5520389,3149,1753,216,92,-82,-29,-51,-62,-42,+21
West Bengal,Howrah,4841638,1467,3300,812,519,-82,-29,-51,-62,-42,+21
West Bengal,Jalpaiguri,3869675,6227,621,4,0,-82,-29,-51,-62,-42,+21
West Bengal,Jhargram,1136548,3038,370,3,0,-82,-29,-51,-62,-42,+21
West Bengal,Kalimpong,251642,1054,239,7,0,-82,-29,-51,-62,-42,+21
West Bengal,Kolkata,4486679,185,24252,1693,826,-82,-29,-51,-62,-42,+21
West Bengal,Malda,3997970,3733,1071,115,103,-82,-29,-51,-62,-42,+21
West Bengal,Murshidabad,7102430,5324,1334,49,40,-82,-29,-51,-62,-42,+21
West Bengal,Nadia,5168488,3927,1316,27,18,-82,-29,-51,-62,-42,+21
West Bengal,North 24 Parganas,10082852,4094,2463,480,263,-82,-29,-51,-62,-42,+21
West Bengal,Paschim Medinipur,5094238,9345,1076,26,7,-82,-29,-51,-62,-42,+21
West Bengal,Purba Medinipur,4417377,4736,923,62,28,-82,-29,-51,-62,-42,+21
West Bengal,Purulia,2927965,6259,468,0,0,-82,-29,-51,-62,-42,+21
West Bengal,South 24 Parganas,8153176,9960,819,128,74,-82,-29,-51,-62,-42,+21
West Bengal,Uttar Dinajpur,3000849,3180,956,46,43,-82,-29,-51,-62,-42,+21
Andaman and Nicobar,Nicobars,36842,1841,20,0,0,-83,-79,-70,-68,-28,+24
Andaman and Nicobar,North and Middle Andaman,105597,3736,28,1,0,-83,-79,-70,-68,-28,+24
Andaman and Nicobar,South Andaman,238142,2672,89,32,0,-83,-79,-70,-68,-28,+24
Chandigarh,Chandigarh,1055450,114,9258,278,87,-85,-63,-97,-69,-53,+26
Dadra and Nagar Haveli and Daman and Diu,Daman,191173,72,2651,0,0,-57,+24,-58,-49,-18,+18
Dadra and Nagar Haveli and Daman and Diu,Diu,52074,39,2058,0,0,-57,+24,-58,-49,-18,+18
Dadra and Nagar Haveli and Daman and Diu,Dadra and Nagar Haveli,343709,491,700,2,1,-57,+24,-58,-49,-18,+18
Jammu and Kashmir,Anantnag,1070144,2853,375,278,165,+26,+175,+296,+258,+127,+17
Jammu and Kashmir,Bandipora,385099,3010,128,140,10,+26,+175,+296,+258,+127,+17
Jammu and Kashmir,Baramulla,1015503,3329,305,137,35,+26,+175,+296,+258,+127,+17
Jammu and Kashmir,Doda,409576,11691,79,2,2,+26,+175,+296,+258,+127,+17
Jammu and Kashmir,Ganderbal,297003,258,1151,27,3,+26,+175,+296,+258,+127,+17
Jammu and Kashmir,Jammu,1526406,3097,596,99,63,+26,+175,+296,+258,+127,+17
Jammu and Kashmir,Kathua,615711,2651,232,49,43,+26,+175,+296,+258,+127,+17
Jammu and Kashmir,Kishtwar,230696,7737,30,7,6,+26,+175,+296,+258,+127,+17
Jammu and Kashmir,Kulgam,422786,457,925,227,209,+26,+175,+296,+258,+127,+17
Jammu and Kashmir,Kupwara,875564,2379,368,166,96,+26,+175,+296,+258,+127,+17
Jammu and Kashmir,Pulwama,570060,1398,598,26,16,+26,+175,+296,+258,+127,+17
Jammu and Kashmir,Rajouri,619266,2630,235,13,9,+26,+175,+296,+258,+127,+17
Jammu and Kashmir,Ramban,283313,1330,213,45,44,+26,+175,+296,+258,+127,+17
Jammu and Kashmir,Reasi,314714,1710,184,6,5,+26,+175,+296,+258,+127,+17
Jammu and Kashmir,Samba,318611,913,318,27,20,+26,+175,+296,+258,+127,+17
Jammu and Kashmir,Shopiyan,265960,312,852,129,22,+26,+175,+296,+258,+127,+17
Jammu and Kashmir,Srinagar,1269751,2228,703,181,50,+26,+175,+296,+258,+127,+17
Jammu and Kashmir,Udhampur,555357,4550,211,37,15,+26,+175,+296,+258,+127,+17
Delhi,Central Delhi,582320,25,27730,184,184,-82,-52,-94,-72,-64,+27
Delhi,East Delhi,1709346,440,27132,38,38,-82,-52,-94,-72,-64,+27
Delhi,New Delhi,142004,22,4057,37,37,-82,-52,-94,-72,-64,+27
Delhi,North Delhi,887978,59,14557,60,60,-82,-52,-94,-72,-64,+27
Delhi,North East Delhi,2241624,52,36155,25,25,-82,-52,-94,-72,-64,+27
Delhi,North West Delhi,3656539,130,8254,32,31,-82,-52,-94,-72,-64,+27
Delhi,South Delhi,2731929,250,11060,70,70,-82,-52,-94,-72,-64,+27
Delhi,South West Delhi,2292958,395,5446,42,42,-82,-52,-94,-72,-64,+27
Delhi,West Delhi,2543243,112,19563,122,122,-82,-52,-94,-72,-64,+27
Puducherry,Karaikal,200222,157,1275,2,0,-71,-18,-80,-39,-21,+23
Puducherry,Mahe,41816,9,4646,4,2,-71,-18,-80,-39,-21,+23
Puducherry,Yanam,55626,30,1854,0,0,-71,-18,-80,-39,-21,+23
